{"cameraMode":{"drawMode":0,"name":"Shaded","section":"Shading Mode"},"sceneLighting":true,"audioPlay":false,"sceneViewState":{"showFog":true,"showMaterialUpdate":true,"showSkybox":true,"showFlares":true,"showImageEffects":true,"showParticleSystems":true},"in2DMode":false,"pivot":{"x":-6.556920051574707,"y":-2.5396041870117189,"z":4.331395626068115},"rotation":{"x":-0.19666260480880738,"y":0.3616965413093567,"z":-0.07835918664932251,"w":-0.9079557061195374},"size":7.744802951812744,"orthographic":false}