{"cameraMode":{"drawMode":0,"name":"Shaded","section":"Shading Mode"},"sceneLighting":false,"audioPlay":false,"sceneViewState":{"showFog":true,"showMaterialUpdate":true,"showSkybox":false,"showFlares":true,"showImageEffects":true,"showParticleSystems":true},"in2DMode":false,"pivot":{"x":-14.986425399780274,"y":5.612411975860596,"z":20.040000915527345},"rotation":{"x":0.37954404950141909,"y":0.0646786168217659,"z":-0.02661004103720188,"w":0.9225285649299622},"size":8.452010154724121,"orthographic":false}