{"cameraMode":{"drawMode":0,"name":"Shaded","section":"Shading Mode"},"sceneLighting":true,"audioPlay":false,"sceneViewState":{"showFog":true,"showMaterialUpdate":true,"showSkybox":true,"showFlares":true,"showImageEffects":true,"showParticleSystems":true},"in2DMode":false,"pivot":{"x":0.47310829162597659,"y":3.989589214324951,"z":-2.401651382446289},"rotation":{"x":-0.04104144871234894,"y":0.9355314373970032,"z":-0.11594824492931366,"w":-0.33114123344421389},"size":10.0,"orthographic":false}